id_venta,fecha,id_cliente,nombre_cliente_x,email_x,medio_pago,id_producto,nombre_producto_x,cantidad,precio_unitario_x,importe,nombre_producto_y,categoria,precio_unitario_y,nombre_cliente_y,email_y,ciudad,fecha_alta
1,2024-06-19,62,Guadalupe Romero,guadalupe.romero@mail.com,tarjeta,90,Toallas Húmedas x50,1,2902,2902,Toallas Húmedas x50,Limpieza,2902,Guadalupe Romero,guadalupe.romero@mail.com,Carlos Paz,2023-03-03
2,2024-03-17,49,Olivia Gomez,olivia.gomez@mail.com,qr,82,Aceitunas Negras 200g,5,2394,11970,Aceitunas Negras 200g,Limpieza,2394,Olivia Gomez,olivia.gomez@mail.com,Rio Cuarto,2023-02-18
2,2024-03-17,49,Olivia Gomez,olivia.gomez@mail.com,qr,39,Helado Vainilla 1L,5,469,2345,Helado Vainilla 1L,Alimentos,469,Olivia Gomez,olivia.gomez@mail.com,Rio Cuarto,2023-02-18
2,2024-03-17,49,Olivia Gomez,olivia.gomez@mail.com,qr,70,Fernet 750ml,2,4061,8122,Fernet 750ml,Limpieza,4061,Olivia Gomez,olivia.gomez@mail.com,Rio Cuarto,2023-02-18
2,2024-03-17,49,Olivia Gomez,olivia.gomez@mail.com,qr,22,Medialunas de Manteca,1,2069,2069,Medialunas de Manteca,Limpieza,2069,Olivia Gomez,olivia.gomez@mail.com,Rio Cuarto,2023-02-18
2,2024-03-17,49,Olivia Gomez,olivia.gomez@mail.com,qr,79,Hamburguesas Congeladas x4,4,2420,9680,Hamburguesas Congeladas x4,Alimentos,2420,Olivia Gomez,olivia.gomez@mail.com,Rio Cuarto,2023-02-18
3,2024-01-13,20,Tomas Acosta,tomas.acosta@mail.com,tarjeta,9,Yerba Mate Suave 1kg,2,3878,7756,Yerba Mate Suave 1kg,Alimentos,3878,Tomas Acosta,tomas.acosta@mail.com,Rio Cuarto,2023-01-20
3,2024-01-13,20,Tomas Acosta,tomas.acosta@mail.com,tarjeta,2,Pepsi 1.5L,2,4973,9946,Pepsi 1.5L,Limpieza,4973,Tomas Acosta,tomas.acosta@mail.com,Rio Cuarto,2023-01-20
3,2024-01-13,20,Tomas Acosta,tomas.acosta@mail.com,tarjeta,85,Jugo en Polvo Naranja,1,1856,1856,Jugo en Polvo Naranja,Alimentos,1856,Tomas Acosta,tomas.acosta@mail.com,Rio Cuarto,2023-01-20
4,2024-02-27,36,Martina Molina,martina.molina@mail.com,transferencia,4,Fanta Naranja 1.5L,2,2033,4066,Fanta Naranja 1.5L,Limpieza,2033,Martina Molina,martina.molina@mail.com,Mendiolaza,2023-02-05
4,2024-02-27,36,Martina Molina,martina.molina@mail.com,transferencia,23,Bizcochos Salados,5,2380,11900,Bizcochos Salados,Alimentos,2380,Martina Molina,martina.molina@mail.com,Mendiolaza,2023-02-05
5,2024-06-11,56,Bruno Diaz,bruno.diaz@mail.com,tarjeta,86,Jugo en Polvo Limón,4,4090,16360,Jugo en Polvo Limón,Limpieza,4090,Bruno Diaz,bruno.diaz@mail.com,Rio Cuarto,2023-02-25
6,2024-05-05,91,Uma Sanchez,uma.sanchez@mail.com,transferencia,25,Galletitas Vainilla,2,4015,8030,Galletitas Vainilla,Alimentos,4015,Uma Sanchez,uma.sanchez@mail.com,Mendiolaza,2023-04-01
6,2024-05-05,91,Uma Sanchez,uma.sanchez@mail.com,transferencia,31,Mix de Frutos Secos 200g,3,3409,10227,Mix de Frutos Secos 200g,Alimentos,3409,Uma Sanchez,uma.sanchez@mail.com,Mendiolaza,2023-04-01
6,2024-05-05,91,Uma Sanchez,uma.sanchez@mail.com,transferencia,83,Queso Untable 190g,1,1830,1830,Queso Untable 190g,Alimentos,1830,Uma Sanchez,uma.sanchez@mail.com,Mendiolaza,2023-04-01
6,2024-05-05,91,Uma Sanchez,uma.sanchez@mail.com,transferencia,59,Chicle Menta,4,3612,14448,Chicle Menta,Alimentos,3612,Uma Sanchez,uma.sanchez@mail.com,Mendiolaza,2023-04-01
7,2024-05-06,92,Mariana Rodriguez,mariana.rodriguez@mail.com,efectivo,63,Granola 250g,3,4337,13011,Granola 250g,Alimentos,4337,Mariana Rodriguez,mariana.rodriguez@mail.com,Alta Gracia,2023-04-02
8,2024-01-06,66,Tomas Herrera,tomas.herrera@mail.com,transferencia,53,Lavandina 1L,5,1664,8320,Lavandina 1L,Alimentos,1664,Tomas Herrera,tomas.herrera@mail.com,Villa Maria,2023-03-07
8,2024-01-06,66,Tomas Herrera,tomas.herrera@mail.com,transferencia,18,Queso Rallado 150g,4,3444,13776,Queso Rallado 150g,Limpieza,3444,Tomas Herrera,tomas.herrera@mail.com,Villa Maria,2023-03-07
8,2024-01-06,66,Tomas Herrera,tomas.herrera@mail.com,transferencia,68,Vino Blanco 750ml,5,2684,13420,Vino Blanco 750ml,Limpieza,2684,Tomas Herrera,tomas.herrera@mail.com,Villa Maria,2023-03-07
9,2024-01-20,86,Diego Torres,diego.torres@mail.com,efectivo,65,Cerveza Rubia 1L,4,2423,9692,Cerveza Rubia 1L,Alimentos,2423,Diego Torres,diego.torres@mail.com,Cordoba,2023-03-27
10,2024-05-28,52,Diego Diaz,diego.diaz@mail.com,qr,36,Dulce de Leche 400g,2,2559,5118,Dulce de Leche 400g,Limpieza,2559,Diego Diaz,diego.diaz@mail.com,Rio Cuarto,2023-02-21
10,2024-05-28,52,Diego Diaz,diego.diaz@mail.com,qr,100,Trapo de Piso,4,4854,19416,Trapo de Piso,Limpieza,4854,Diego Diaz,diego.diaz@mail.com,Rio Cuarto,2023-02-21
10,2024-05-28,52,Diego Diaz,diego.diaz@mail.com,qr,37,Mermelada de Durazno 400g,3,3196,9588,Mermelada de Durazno 400g,Alimentos,3196,Diego Diaz,diego.diaz@mail.com,Rio Cuarto,2023-02-21
10,2024-05-28,52,Diego Diaz,diego.diaz@mail.com,qr,62,Stevia 100 sobres,1,3848,3848,Stevia 100 sobres,Limpieza,3848,Diego Diaz,diego.diaz@mail.com,Rio Cuarto,2023-02-21
11,2024-04-10,20,Tomas Acosta,tomas.acosta@mail.com,qr,13,Té Verde 20 saquitos,1,2383,2383,Té Verde 20 saquitos,Alimentos,2383,Tomas Acosta,tomas.acosta@mail.com,Rio Cuarto,2023-01-20
11,2024-04-10,20,Tomas Acosta,tomas.acosta@mail.com,qr,65,Cerveza Rubia 1L,2,2423,4846,Cerveza Rubia 1L,Alimentos,2423,Tomas Acosta,tomas.acosta@mail.com,Rio Cuarto,2023-01-20
11,2024-04-10,20,Tomas Acosta,tomas.acosta@mail.com,qr,28,Papas Fritas Clásicas 100g,1,936,936,Papas Fritas Clásicas 100g,Limpieza,936,Tomas Acosta,tomas.acosta@mail.com,Rio Cuarto,2023-01-20
12,2024-06-28,96,Rocio Gonzalez,rocio.gonzalez@mail.com,efectivo,72,Ron 700ml,2,3876,7752,Ron 700ml,Limpieza,3876,Rocio Gonzalez,rocio.gonzalez@mail.com,Cordoba,2023-04-06
12,2024-06-28,96,Rocio Gonzalez,rocio.gonzalez@mail.com,efectivo,50,Azúcar 1kg,2,727,1454,Azúcar 1kg,Limpieza,727,Rocio Gonzalez,rocio.gonzalez@mail.com,Cordoba,2023-04-06
12,2024-06-28,96,Rocio Gonzalez,rocio.gonzalez@mail.com,efectivo,56,Papel Higiénico x4,3,2532,7596,Papel Higiénico x4,Limpieza,2532,Rocio Gonzalez,rocio.gonzalez@mail.com,Cordoba,2023-04-06
12,2024-06-28,96,Rocio Gonzalez,rocio.gonzalez@mail.com,efectivo,87,Sopa Instantánea Pollo,3,1679,5037,Sopa Instantánea Pollo,Alimentos,1679,Rocio Gonzalez,rocio.gonzalez@mail.com,Cordoba,2023-04-06
12,2024-06-28,96,Rocio Gonzalez,rocio.gonzalez@mail.com,efectivo,38,Mermelada de Frutilla 400g,4,1584,6336,Mermelada de Frutilla 400g,Limpieza,1584,Rocio Gonzalez,rocio.gonzalez@mail.com,Cordoba,2023-04-06
13,2024-01-24,6,Uma Medina,uma.medina@mail.com,tarjeta,87,Sopa Instantánea Pollo,1,1679,1679,Sopa Instantánea Pollo,Alimentos,1679,Uma Medina,uma.medina@mail.com,Villa Maria,2023-01-06
13,2024-01-24,6,Uma Medina,uma.medina@mail.com,tarjeta,81,Aceitunas Verdes 200g,3,2520,7560,Aceitunas Verdes 200g,Alimentos,2520,Uma Medina,uma.medina@mail.com,Villa Maria,2023-01-06
13,2024-01-24,6,Uma Medina,uma.medina@mail.com,tarjeta,13,Té Verde 20 saquitos,1,2383,2383,Té Verde 20 saquitos,Alimentos,2383,Uma Medina,uma.medina@mail.com,Villa Maria,2023-01-06
14,2024-04-18,67,Ivana Romero,ivana.romero@mail.com,qr,36,Dulce de Leche 400g,4,2559,10236,Dulce de Leche 400g,Limpieza,2559,Ivana Romero,ivana.romero@mail.com,Alta Gracia,2023-03-08
14,2024-04-18,67,Ivana Romero,ivana.romero@mail.com,qr,72,Ron 700ml,5,3876,19380,Ron 700ml,Limpieza,3876,Ivana Romero,ivana.romero@mail.com,Alta Gracia,2023-03-08
14,2024-04-18,67,Ivana Romero,ivana.romero@mail.com,qr,38,Mermelada de Frutilla 400g,3,1584,4752,Mermelada de Frutilla 400g,Limpieza,1584,Ivana Romero,ivana.romero@mail.com,Alta Gracia,2023-03-08
14,2024-04-18,67,Ivana Romero,ivana.romero@mail.com,qr,97,Limpiavidrios 500ml,1,872,872,Limpiavidrios 500ml,Alimentos,872,Ivana Romero,ivana.romero@mail.com,Alta Gracia,2023-03-08
15,2024-06-27,56,Bruno Diaz,bruno.diaz@mail.com,transferencia,37,Mermelada de Durazno 400g,3,3196,9588,Mermelada de Durazno 400g,Alimentos,3196,Bruno Diaz,bruno.diaz@mail.com,Rio Cuarto,2023-02-25
16,2024-04-12,2,Nicolas Rojas,nicolas.rojas@mail.com,efectivo,35,Barrita de Cereal 30g,5,4430,22150,Barrita de Cereal 30g,Alimentos,4430,Nicolas Rojas,nicolas.rojas@mail.com,Carlos Paz,2023-01-02
17,2024-02-17,88,Felipe Castro,felipe.castro@mail.com,efectivo,81,Aceitunas Verdes 200g,5,2520,12600,Aceitunas Verdes 200g,Alimentos,2520,Felipe Castro,felipe.castro@mail.com,Villa Maria,2023-03-29
17,2024-02-17,88,Felipe Castro,felipe.castro@mail.com,efectivo,46,Lentejas Secas 500g,5,3036,15180,Lentejas Secas 500g,Limpieza,3036,Felipe Castro,felipe.castro@mail.com,Villa Maria,2023-03-29
17,2024-02-17,88,Felipe Castro,felipe.castro@mail.com,efectivo,74,Whisky 750ml,3,2953,8859,Whisky 750ml,Limpieza,2953,Felipe Castro,felipe.castro@mail.com,Villa Maria,2023-03-29
18,2024-06-11,81,Camila Ruiz,camila.ruiz@mail.com,qr,33,Chocolate con Leche 100g,2,1255,2510,Chocolate con Leche 100g,Alimentos,1255,Camila Ruiz,camila.ruiz@mail.com,Carlos Paz,2023-03-22
18,2024-06-11,81,Camila Ruiz,camila.ruiz@mail.com,qr,4,Fanta Naranja 1.5L,5,2033,10165,Fanta Naranja 1.5L,Limpieza,2033,Camila Ruiz,camila.ruiz@mail.com,Carlos Paz,2023-03-22
18,2024-06-11,81,Camila Ruiz,camila.ruiz@mail.com,qr,24,Galletitas Chocolate,2,1305,2610,Galletitas Chocolate,Limpieza,1305,Camila Ruiz,camila.ruiz@mail.com,Carlos Paz,2023-03-22
18,2024-06-11,81,Camila Ruiz,camila.ruiz@mail.com,qr,15,Leche Descremada 1L,3,2538,7614,Leche Descremada 1L,Alimentos,2538,Camila Ruiz,camila.ruiz@mail.com,Carlos Paz,2023-03-22
18,2024-06-11,81,Camila Ruiz,camila.ruiz@mail.com,qr,22,Medialunas de Manteca,5,2069,10345,Medialunas de Manteca,Limpieza,2069,Camila Ruiz,camila.ruiz@mail.com,Carlos Paz,2023-03-22
19,2024-06-11,80,Gael Ruiz,gael.ruiz@mail.com,efectivo,38,Mermelada de Frutilla 400g,2,1584,3168,Mermelada de Frutilla 400g,Limpieza,1584,Gael Ruiz,gael.ruiz@mail.com,Mendiolaza,2023-03-21
19,2024-06-11,80,Gael Ruiz,gael.ruiz@mail.com,efectivo,98,Desengrasante 500ml,3,2843,8529,Desengrasante 500ml,Limpieza,2843,Gael Ruiz,gael.ruiz@mail.com,Mendiolaza,2023-03-21
19,2024-06-11,80,Gael Ruiz,gael.ruiz@mail.com,efectivo,63,Granola 250g,3,4337,13011,Granola 250g,Alimentos,4337,Gael Ruiz,gael.ruiz@mail.com,Mendiolaza,2023-03-21
20,2024-01-13,75,Santiago Castro,santiago.castro@mail.com,tarjeta,32,Chocolate Amargo 100g,3,2234,6702,Chocolate Amargo 100g,Limpieza,2234,Santiago Castro,santiago.castro@mail.com,Rio Cuarto,2023-03-16
21,2024-06-19,10,Karina Acosta,karina.acosta@mail.com,transferencia,76,Pizza Congelada Muzzarella,5,4286,21430,Pizza Congelada Muzzarella,Limpieza,4286,Karina Acosta,karina.acosta@mail.com,Cordoba,2023-01-10
21,2024-06-19,10,Karina Acosta,karina.acosta@mail.com,transferencia,35,Barrita de Cereal 30g,1,4430,4430,Barrita de Cereal 30g,Alimentos,4430,Karina Acosta,karina.acosta@mail.com,Cordoba,2023-01-10
22,2024-05-08,64,Julian Alvarez,julian.alvarez@mail.com,transferencia,9,Yerba Mate Suave 1kg,2,3878,7756,Yerba Mate Suave 1kg,Alimentos,3878,Julian Alvarez,julian.alvarez@mail.com,Villa Maria,2023-03-05
22,2024-05-08,64,Julian Alvarez,julian.alvarez@mail.com,transferencia,28,Papas Fritas Clásicas 100g,3,936,2808,Papas Fritas Clásicas 100g,Limpieza,936,Julian Alvarez,julian.alvarez@mail.com,Villa Maria,2023-03-05
22,2024-05-08,64,Julian Alvarez,julian.alvarez@mail.com,transferencia,24,Galletitas Chocolate,4,1305,5220,Galletitas Chocolate,Limpieza,1305,Julian Alvarez,julian.alvarez@mail.com,Villa Maria,2023-03-05
23,2024-05-16,78,Emilia Alvarez,emilia.alvarez@mail.com,transferencia,64,Avena Instantánea 250g,4,3953,15812,Avena Instantánea 250g,Limpieza,3953,Emilia Alvarez,emilia.alvarez@mail.com,Villa Maria,2023-03-19
23,2024-05-16,78,Emilia Alvarez,emilia.alvarez@mail.com,transferencia,83,Queso Untable 190g,4,1830,7320,Queso Untable 190g,Alimentos,1830,Emilia Alvarez,emilia.alvarez@mail.com,Villa Maria,2023-03-19
24,2024-06-14,55,Olivia Ruiz,olivia.ruiz@mail.com,tarjeta,91,Desodorante Aerosol,2,4690,9380,Desodorante Aerosol,Alimentos,4690,Olivia Ruiz,olivia.ruiz@mail.com,Mendiolaza,2023-02-24
24,2024-06-14,55,Olivia Ruiz,olivia.ruiz@mail.com,tarjeta,40,Helado Chocolate 1L,5,1215,6075,Helado Chocolate 1L,Limpieza,1215,Olivia Ruiz,olivia.ruiz@mail.com,Mendiolaza,2023-02-24
25,2024-04-30,13,Ivana Sanchez,ivana.sanchez@mail.com,transferencia,55,Shampoo 400ml,1,1407,1407,Shampoo 400ml,Alimentos,1407,Ivana Sanchez,ivana.sanchez@mail.com,Carlos Paz,2023-01-13
25,2024-04-30,13,Ivana Sanchez,ivana.sanchez@mail.com,transferencia,95,Mascarilla Capilar,5,1581,7905,Mascarilla Capilar,Alimentos,1581,Ivana Sanchez,ivana.sanchez@mail.com,Carlos Paz,2023-01-13
25,2024-04-30,13,Ivana Sanchez,ivana.sanchez@mail.com,transferencia,72,Ron 700ml,1,3876,3876,Ron 700ml,Limpieza,3876,Ivana Sanchez,ivana.sanchez@mail.com,Carlos Paz,2023-01-13
26,2024-01-23,49,Olivia Gomez,olivia.gomez@mail.com,efectivo,79,Hamburguesas Congeladas x4,2,2420,4840,Hamburguesas Congeladas x4,Alimentos,2420,Olivia Gomez,olivia.gomez@mail.com,Rio Cuarto,2023-02-18
26,2024-01-23,49,Olivia Gomez,olivia.gomez@mail.com,efectivo,86,Jugo en Polvo Limón,1,4090,4090,Jugo en Polvo Limón,Limpieza,4090,Olivia Gomez,olivia.gomez@mail.com,Rio Cuarto,2023-02-18
27,2024-02-25,9,Yamila Molina,yamila.molina@mail.com,transferencia,7,Jugo de Manzana 1L,4,3269,13076,Jugo de Manzana 1L,Alimentos,3269,Yamila Molina,yamila.molina@mail.com,Carlos Paz,2023-01-09
27,2024-02-25,9,Yamila Molina,yamila.molina@mail.com,transferencia,78,Verduras Congeladas Mix,4,4289,17156,Verduras Congeladas Mix,Limpieza,4289,Yamila Molina,yamila.molina@mail.com,Carlos Paz,2023-01-09
28,2024-05-20,52,Diego Diaz,diego.diaz@mail.com,qr,74,Whisky 750ml,1,2953,2953,Whisky 750ml,Limpieza,2953,Diego Diaz,diego.diaz@mail.com,Rio Cuarto,2023-02-21
28,2024-05-20,52,Diego Diaz,diego.diaz@mail.com,qr,91,Desodorante Aerosol,2,4690,9380,Desodorante Aerosol,Alimentos,4690,Diego Diaz,diego.diaz@mail.com,Rio Cuarto,2023-02-21
28,2024-05-20,52,Diego Diaz,diego.diaz@mail.com,qr,72,Ron 700ml,1,3876,3876,Ron 700ml,Limpieza,3876,Diego Diaz,diego.diaz@mail.com,Rio Cuarto,2023-02-21
28,2024-05-20,52,Diego Diaz,diego.diaz@mail.com,qr,18,Queso Rallado 150g,2,3444,6888,Queso Rallado 150g,Limpieza,3444,Diego Diaz,diego.diaz@mail.com,Rio Cuarto,2023-02-21
28,2024-05-20,52,Diego Diaz,diego.diaz@mail.com,qr,27,Alfajor Simple,5,2502,12510,Alfajor Simple,Alimentos,2502,Diego Diaz,diego.diaz@mail.com,Rio Cuarto,2023-02-21
29,2024-02-20,49,Olivia Gomez,olivia.gomez@mail.com,qr,58,Caramelos Masticables,1,4752,4752,Caramelos Masticables,Limpieza,4752,Olivia Gomez,olivia.gomez@mail.com,Rio Cuarto,2023-02-18
29,2024-02-20,49,Olivia Gomez,olivia.gomez@mail.com,qr,36,Dulce de Leche 400g,2,2559,5118,Dulce de Leche 400g,Limpieza,2559,Olivia Gomez,olivia.gomez@mail.com,Rio Cuarto,2023-02-18
29,2024-02-20,49,Olivia Gomez,olivia.gomez@mail.com,qr,71,Vodka 700ml,4,508,2032,Vodka 700ml,Alimentos,508,Olivia Gomez,olivia.gomez@mail.com,Rio Cuarto,2023-02-18
29,2024-02-20,49,Olivia Gomez,olivia.gomez@mail.com,qr,27,Alfajor Simple,2,2502,5004,Alfajor Simple,Alimentos,2502,Olivia Gomez,olivia.gomez@mail.com,Rio Cuarto,2023-02-18
29,2024-02-20,49,Olivia Gomez,olivia.gomez@mail.com,qr,66,Cerveza Negra 1L,1,1533,1533,Cerveza Negra 1L,Limpieza,1533,Olivia Gomez,olivia.gomez@mail.com,Rio Cuarto,2023-02-18
30,2024-03-03,93,Gael Rojas,gael.rojas@mail.com,efectivo,49,Harina de Trigo 1kg,4,2512,10048,Harina de Trigo 1kg,Alimentos,2512,Gael Rojas,gael.rojas@mail.com,Alta Gracia,2023-04-03
30,2024-03-03,93,Gael Rojas,gael.rojas@mail.com,efectivo,78,Verduras Congeladas Mix,3,4289,12867,Verduras Congeladas Mix,Limpieza,4289,Gael Rojas,gael.rojas@mail.com,Alta Gracia,2023-04-03
30,2024-03-03,93,Gael Rojas,gael.rojas@mail.com,efectivo,82,Aceitunas Negras 200g,4,2394,9576,Aceitunas Negras 200g,Limpieza,2394,Gael Rojas,gael.rojas@mail.com,Alta Gracia,2023-04-03
30,2024-03-03,93,Gael Rojas,gael.rojas@mail.com,efectivo,7,Jugo de Manzana 1L,1,3269,3269,Jugo de Manzana 1L,Alimentos,3269,Gael Rojas,gael.rojas@mail.com,Alta Gracia,2023-04-03
31,2024-05-22,19,Uma Silva,uma.silva@mail.com,tarjeta,92,Crema Dental 90g,4,2512,10048,Crema Dental 90g,Limpieza,2512,Uma Silva,uma.silva@mail.com,Mendiolaza,2023-01-19
31,2024-05-22,19,Uma Silva,uma.silva@mail.com,tarjeta,90,Toallas Húmedas x50,3,2902,8706,Toallas Húmedas x50,Limpieza,2902,Uma Silva,uma.silva@mail.com,Mendiolaza,2023-01-19
31,2024-05-22,19,Uma Silva,uma.silva@mail.com,tarjeta,84,Queso Azul 150g,5,1645,8225,Queso Azul 150g,Limpieza,1645,Uma Silva,uma.silva@mail.com,Mendiolaza,2023-01-19
32,2024-01-30,31,Felipe Ruiz,felipe.ruiz@mail.com,efectivo,72,Ron 700ml,5,3876,19380,Ron 700ml,Limpieza,3876,Felipe Ruiz,felipe.ruiz@mail.com,Villa Maria,2023-01-31
32,2024-01-30,31,Felipe Ruiz,felipe.ruiz@mail.com,efectivo,53,Lavandina 1L,4,1664,6656,Lavandina 1L,Alimentos,1664,Felipe Ruiz,felipe.ruiz@mail.com,Villa Maria,2023-01-31
32,2024-01-30,31,Felipe Ruiz,felipe.ruiz@mail.com,efectivo,17,Queso Cremoso 500g,3,4834,14502,Queso Cremoso 500g,Alimentos,4834,Felipe Ruiz,felipe.ruiz@mail.com,Villa Maria,2023-01-31
32,2024-01-30,31,Felipe Ruiz,felipe.ruiz@mail.com,efectivo,35,Barrita de Cereal 30g,3,4430,13290,Barrita de Cereal 30g,Alimentos,4430,Felipe Ruiz,felipe.ruiz@mail.com,Villa Maria,2023-01-31
33,2024-02-13,6,Uma Medina,uma.medina@mail.com,efectivo,47,Garbanzos 500g,2,2939,5878,Garbanzos 500g,Alimentos,2939,Uma Medina,uma.medina@mail.com,Villa Maria,2023-01-06
33,2024-02-13,6,Uma Medina,uma.medina@mail.com,efectivo,76,Pizza Congelada Muzzarella,4,4286,17144,Pizza Congelada Muzzarella,Limpieza,4286,Uma Medina,uma.medina@mail.com,Villa Maria,2023-01-06
33,2024-02-13,6,Uma Medina,uma.medina@mail.com,efectivo,100,Trapo de Piso,1,4854,4854,Trapo de Piso,Limpieza,4854,Uma Medina,uma.medina@mail.com,Villa Maria,2023-01-06
33,2024-02-13,6,Uma Medina,uma.medina@mail.com,efectivo,91,Desodorante Aerosol,2,4690,9380,Desodorante Aerosol,Alimentos,4690,Uma Medina,uma.medina@mail.com,Villa Maria,2023-01-06
34,2024-01-13,58,Karina Acosta,karina.acosta2@mail.com,transferencia,10,Yerba Mate Intensa 1kg,1,4883,4883,Yerba Mate Intensa 1kg,Limpieza,4883,Karina Acosta,karina.acosta2@mail.com,Rio Cuarto,2023-02-27
34,2024-01-13,58,Karina Acosta,karina.acosta2@mail.com,transferencia,32,Chocolate Amargo 100g,5,2234,11170,Chocolate Amargo 100g,Limpieza,2234,Karina Acosta,karina.acosta2@mail.com,Rio Cuarto,2023-02-27
35,2024-05-30,61,Guadalupe Martinez,guadalupe.martinez@mail.com,efectivo,93,Cepillo de Dientes,3,2142,6426,Cepillo de Dientes,Alimentos,2142,Guadalupe Martinez,guadalupe.martinez@mail.com,Rio Cuarto,2023-03-02
35,2024-05-30,61,Guadalupe Martinez,guadalupe.martinez@mail.com,efectivo,80,Helado de Frutilla 1L,2,1981,3962,Helado de Frutilla 1L,Limpieza,1981,Guadalupe Martinez,guadalupe.martinez@mail.com,Rio Cuarto,2023-03-02
35,2024-05-30,61,Guadalupe Martinez,guadalupe.martinez@mail.com,efectivo,88,Caldo Concentrado Carne,5,2570,12850,Caldo Concentrado Carne,Limpieza,2570,Guadalupe Martinez,guadalupe.martinez@mail.com,Rio Cuarto,2023-03-02
36,2024-06-25,5,Agustina Flores,agustina.flores@mail.com,tarjeta,50,Azúcar 1kg,4,727,2908,Azúcar 1kg,Limpieza,727,Agustina Flores,agustina.flores@mail.com,Cordoba,2023-01-05
36,2024-06-25,5,Agustina Flores,agustina.flores@mail.com,tarjeta,48,Porotos Negros 500g,2,4462,8924,Porotos Negros 500g,Limpieza,4462,Agustina Flores,agustina.flores@mail.com,Cordoba,2023-01-05
37,2024-05-17,57,Julian Acosta,julian.acosta@mail.com,qr,18,Queso Rallado 150g,3,3444,10332,Queso Rallado 150g,Limpieza,3444,Julian Acosta,julian.acosta@mail.com,Rio Cuarto,2023-02-26
38,2024-05-29,56,Bruno Diaz,bruno.diaz@mail.com,tarjeta,62,Stevia 100 sobres,5,3848,19240,Stevia 100 sobres,Limpieza,3848,Bruno Diaz,bruno.diaz@mail.com,Rio Cuarto,2023-02-25
38,2024-05-29,56,Bruno Diaz,bruno.diaz@mail.com,tarjeta,14,Leche Entera 1L,3,1723,5169,Leche Entera 1L,Limpieza,1723,Bruno Diaz,bruno.diaz@mail.com,Rio Cuarto,2023-02-25
38,2024-05-29,56,Bruno Diaz,bruno.diaz@mail.com,tarjeta,65,Cerveza Rubia 1L,5,2423,12115,Cerveza Rubia 1L,Alimentos,2423,Bruno Diaz,bruno.diaz@mail.com,Rio Cuarto,2023-02-25
38,2024-05-29,56,Bruno Diaz,bruno.diaz@mail.com,tarjeta,5,Agua Mineral 500ml,3,4777,14331,Agua Mineral 500ml,Alimentos,4777,Bruno Diaz,bruno.diaz@mail.com,Rio Cuarto,2023-02-25
39,2024-03-05,5,Agustina Flores,agustina.flores@mail.com,efectivo,44,Arroz Largo Fino 1kg,4,2979,11916,Arroz Largo Fino 1kg,Limpieza,2979,Agustina Flores,agustina.flores@mail.com,Cordoba,2023-01-05
39,2024-03-05,5,Agustina Flores,agustina.flores@mail.com,efectivo,22,Medialunas de Manteca,2,2069,4138,Medialunas de Manteca,Limpieza,2069,Agustina Flores,agustina.flores@mail.com,Cordoba,2023-01-05
39,2024-03-05,5,Agustina Flores,agustina.flores@mail.com,efectivo,58,Caramelos Masticables,4,4752,19008,Caramelos Masticables,Limpieza,4752,Agustina Flores,agustina.flores@mail.com,Cordoba,2023-01-05
39,2024-03-05,5,Agustina Flores,agustina.flores@mail.com,efectivo,81,Aceitunas Verdes 200g,4,2520,10080,Aceitunas Verdes 200g,Alimentos,2520,Agustina Flores,agustina.flores@mail.com,Cordoba,2023-01-05
40,2024-05-13,15,Tomas Ruiz,tomas.ruiz@mail.com,efectivo,44,Arroz Largo Fino 1kg,2,2979,5958,Arroz Largo Fino 1kg,Limpieza,2979,Tomas Ruiz,tomas.ruiz@mail.com,Cordoba,2023-01-15
41,2024-03-08,29,Diego Fernandez,diego.fernandez@mail.com,tarjeta,51,Sal Fina 500g,1,1745,1745,Sal Fina 500g,Alimentos,1745,Diego Fernandez,diego.fernandez@mail.com,Alta Gracia,2023-01-29
41,2024-03-08,29,Diego Fernandez,diego.fernandez@mail.com,tarjeta,15,Leche Descremada 1L,1,2538,2538,Leche Descremada 1L,Alimentos,2538,Diego Fernandez,diego.fernandez@mail.com,Alta Gracia,2023-01-29
42,2024-04-18,12,Gael Gomez,gael.gomez@mail.com,tarjeta,47,Garbanzos 500g,3,2939,8817,Garbanzos 500g,Alimentos,2939,Gael Gomez,gael.gomez@mail.com,Alta Gracia,2023-01-12
42,2024-04-18,12,Gael Gomez,gael.gomez@mail.com,tarjeta,29,Papas Fritas Onduladas 100g,1,1868,1868,Papas Fritas Onduladas 100g,Alimentos,1868,Gael Gomez,gael.gomez@mail.com,Alta Gracia,2023-01-12
42,2024-04-18,12,Gael Gomez,gael.gomez@mail.com,tarjeta,73,Gin 700ml,3,1561,4683,Gin 700ml,Alimentos,1561,Gael Gomez,gael.gomez@mail.com,Alta Gracia,2023-01-12
43,2024-02-18,23,Helena Fernandez,helena.fernandez@mail.com,efectivo,1,Coca Cola 1.5L,5,2347,11735,Coca Cola 1.5L,Alimentos,2347,Helena Fernandez,helena.fernandez@mail.com,Rio Cuarto,2023-01-23
43,2024-02-18,23,Helena Fernandez,helena.fernandez@mail.com,efectivo,49,Harina de Trigo 1kg,2,2512,5024,Harina de Trigo 1kg,Alimentos,2512,Helena Fernandez,helena.fernandez@mail.com,Rio Cuarto,2023-01-23
43,2024-02-18,23,Helena Fernandez,helena.fernandez@mail.com,efectivo,66,Cerveza Negra 1L,2,1533,3066,Cerveza Negra 1L,Limpieza,1533,Helena Fernandez,helena.fernandez@mail.com,Rio Cuarto,2023-01-23
44,2024-02-21,21,Elena Rodriguez,elena.rodriguez@mail.com,efectivo,48,Porotos Negros 500g,1,4462,4462,Porotos Negros 500g,Limpieza,4462,Elena Rodriguez,elena.rodriguez@mail.com,Alta Gracia,2023-01-21
44,2024-02-21,21,Elena Rodriguez,elena.rodriguez@mail.com,efectivo,47,Garbanzos 500g,2,2939,5878,Garbanzos 500g,Alimentos,2939,Elena Rodriguez,elena.rodriguez@mail.com,Alta Gracia,2023-01-21
44,2024-02-21,21,Elena Rodriguez,elena.rodriguez@mail.com,efectivo,100,Trapo de Piso,2,4854,9708,Trapo de Piso,Limpieza,4854,Elena Rodriguez,elena.rodriguez@mail.com,Alta Gracia,2023-01-21
45,2024-01-19,15,Tomas Ruiz,tomas.ruiz@mail.com,efectivo,12,Té Negro 20 saquitos,2,570,1140,Té Negro 20 saquitos,Limpieza,570,Tomas Ruiz,tomas.ruiz@mail.com,Cordoba,2023-01-15
45,2024-01-19,15,Tomas Ruiz,tomas.ruiz@mail.com,efectivo,18,Queso Rallado 150g,2,3444,6888,Queso Rallado 150g,Limpieza,3444,Tomas Ruiz,tomas.ruiz@mail.com,Cordoba,2023-01-15
45,2024-01-19,15,Tomas Ruiz,tomas.ruiz@mail.com,efectivo,87,Sopa Instantánea Pollo,4,1679,6716,Sopa Instantánea Pollo,Alimentos,1679,Tomas Ruiz,tomas.ruiz@mail.com,Cordoba,2023-01-15
45,2024-01-19,15,Tomas Ruiz,tomas.ruiz@mail.com,efectivo,98,Desengrasante 500ml,1,2843,2843,Desengrasante 500ml,Limpieza,2843,Tomas Ruiz,tomas.ruiz@mail.com,Cordoba,2023-01-15
45,2024-01-19,15,Tomas Ruiz,tomas.ruiz@mail.com,efectivo,52,Detergente Líquido 750ml,2,2582,5164,Detergente Líquido 750ml,Limpieza,2582,Tomas Ruiz,tomas.ruiz@mail.com,Cordoba,2023-01-15
46,2024-03-25,46,Agustina Martinez,agustina.martinez@mail.com,tarjeta,21,Pan Lactal Integral,1,272,272,Pan Lactal Integral,Alimentos,272,Agustina Martinez,agustina.martinez@mail.com,Alta Gracia,2023-02-15
47,2024-05-04,52,Diego Diaz,diego.diaz@mail.com,transferencia,43,Salsa de Tomate 500g,5,887,4435,Salsa de Tomate 500g,Alimentos,887,Diego Diaz,diego.diaz@mail.com,Rio Cuarto,2023-02-21
47,2024-05-04,52,Diego Diaz,diego.diaz@mail.com,transferencia,6,Jugo de Naranja 1L,3,4170,12510,Jugo de Naranja 1L,Limpieza,4170,Diego Diaz,diego.diaz@mail.com,Rio Cuarto,2023-02-21
48,2024-01-26,84,Pablo Sanchez,pablo.sanchez@mail.com,qr,70,Fernet 750ml,1,4061,4061,Fernet 750ml,Limpieza,4061,Pablo Sanchez,pablo.sanchez@mail.com,Cordoba,2023-03-25
48,2024-01-26,84,Pablo Sanchez,pablo.sanchez@mail.com,qr,54,Jabón de Tocador,5,1592,7960,Jabón de Tocador,Limpieza,1592,Pablo Sanchez,pablo.sanchez@mail.com,Cordoba,2023-03-25
48,2024-01-26,84,Pablo Sanchez,pablo.sanchez@mail.com,qr,57,Servilletas x100,4,4520,18080,Servilletas x100,Alimentos,4520,Pablo Sanchez,pablo.sanchez@mail.com,Cordoba,2023-03-25
49,2024-06-02,5,Agustina Flores,agustina.flores@mail.com,efectivo,59,Chicle Menta,2,3612,7224,Chicle Menta,Alimentos,3612,Agustina Flores,agustina.flores@mail.com,Cordoba,2023-01-05
49,2024-06-02,5,Agustina Flores,agustina.flores@mail.com,efectivo,21,Pan Lactal Integral,4,272,1088,Pan Lactal Integral,Alimentos,272,Agustina Flores,agustina.flores@mail.com,Cordoba,2023-01-05
49,2024-06-02,5,Agustina Flores,agustina.flores@mail.com,efectivo,59,Chicle Menta,4,3612,14448,Chicle Menta,Alimentos,3612,Agustina Flores,agustina.flores@mail.com,Cordoba,2023-01-05
49,2024-06-02,5,Agustina Flores,agustina.flores@mail.com,efectivo,18,Queso Rallado 150g,3,3444,10332,Queso Rallado 150g,Limpieza,3444,Agustina Flores,agustina.flores@mail.com,Cordoba,2023-01-05
49,2024-06-02,5,Agustina Flores,agustina.flores@mail.com,efectivo,85,Jugo en Polvo Naranja,3,1856,5568,Jugo en Polvo Naranja,Alimentos,1856,Agustina Flores,agustina.flores@mail.com,Cordoba,2023-01-05
50,2024-01-09,8,Bruno Castro,bruno.castro@mail.com,transferencia,10,Yerba Mate Intensa 1kg,2,4883,9766,Yerba Mate Intensa 1kg,Limpieza,4883,Bruno Castro,bruno.castro@mail.com,Carlos Paz,2023-01-08
50,2024-01-09,8,Bruno Castro,bruno.castro@mail.com,transferencia,34,Turrón 50g,5,503,2515,Turrón 50g,Limpieza,503,Bruno Castro,bruno.castro@mail.com,Carlos Paz,2023-01-08
50,2024-01-09,8,Bruno Castro,bruno.castro@mail.com,transferencia,58,Caramelos Masticables,5,4752,23760,Caramelos Masticables,Limpieza,4752,Bruno Castro,bruno.castro@mail.com,Carlos Paz,2023-01-08
50,2024-01-09,8,Bruno Castro,bruno.castro@mail.com,transferencia,32,Chocolate Amargo 100g,3,2234,6702,Chocolate Amargo 100g,Limpieza,2234,Bruno Castro,bruno.castro@mail.com,Carlos Paz,2023-01-08
50,2024-01-09,8,Bruno Castro,bruno.castro@mail.com,transferencia,91,Desodorante Aerosol,4,4690,18760,Desodorante Aerosol,Alimentos,4690,Bruno Castro,bruno.castro@mail.com,Carlos Paz,2023-01-08
51,2024-02-18,39,Santiago Diaz,santiago.diaz@mail.com,efectivo,31,Mix de Frutos Secos 200g,1,3409,3409,Mix de Frutos Secos 200g,Alimentos,3409,Santiago Diaz,santiago.diaz@mail.com,Alta Gracia,2023-02-08
52,2024-05-10,5,Agustina Flores,agustina.flores@mail.com,tarjeta,83,Queso Untable 190g,2,1830,3660,Queso Untable 190g,Alimentos,1830,Agustina Flores,agustina.flores@mail.com,Cordoba,2023-01-05
52,2024-05-10,5,Agustina Flores,agustina.flores@mail.com,tarjeta,9,Yerba Mate Suave 1kg,4,3878,15512,Yerba Mate Suave 1kg,Alimentos,3878,Agustina Flores,agustina.flores@mail.com,Cordoba,2023-01-05
52,2024-05-10,5,Agustina Flores,agustina.flores@mail.com,tarjeta,81,Aceitunas Verdes 200g,5,2520,12600,Aceitunas Verdes 200g,Alimentos,2520,Agustina Flores,agustina.flores@mail.com,Cordoba,2023-01-05
52,2024-05-10,5,Agustina Flores,agustina.flores@mail.com,tarjeta,38,Mermelada de Frutilla 400g,3,1584,4752,Mermelada de Frutilla 400g,Limpieza,1584,Agustina Flores,agustina.flores@mail.com,Cordoba,2023-01-05
53,2024-01-25,56,Bruno Diaz,bruno.diaz@mail.com,tarjeta,28,Papas Fritas Clásicas 100g,1,936,936,Papas Fritas Clásicas 100g,Limpieza,936,Bruno Diaz,bruno.diaz@mail.com,Rio Cuarto,2023-02-25
54,2024-03-26,1,Mariana Lopez,mariana.lopez@mail.com,tarjeta,65,Cerveza Rubia 1L,1,2423,2423,Cerveza Rubia 1L,Alimentos,2423,Mariana Lopez,mariana.lopez@mail.com,Carlos Paz,2023-01-01
54,2024-03-26,1,Mariana Lopez,mariana.lopez@mail.com,tarjeta,18,Queso Rallado 150g,2,3444,6888,Queso Rallado 150g,Limpieza,3444,Mariana Lopez,mariana.lopez@mail.com,Carlos Paz,2023-01-01
54,2024-03-26,1,Mariana Lopez,mariana.lopez@mail.com,tarjeta,91,Desodorante Aerosol,3,4690,14070,Desodorante Aerosol,Alimentos,4690,Mariana Lopez,mariana.lopez@mail.com,Carlos Paz,2023-01-01
54,2024-03-26,1,Mariana Lopez,mariana.lopez@mail.com,tarjeta,8,Energética Nitro 500ml,3,4218,12654,Energética Nitro 500ml,Limpieza,4218,Mariana Lopez,mariana.lopez@mail.com,Carlos Paz,2023-01-01
55,2024-01-04,100,Agustina Lopez,agustina.lopez@mail.com,qr,39,Helado Vainilla 1L,4,469,1876,Helado Vainilla 1L,Alimentos,469,Agustina Lopez,agustina.lopez@mail.com,Cordoba,2023-04-10
56,2024-06-14,15,Tomas Ruiz,tomas.ruiz@mail.com,qr,18,Queso Rallado 150g,5,3444,17220,Queso Rallado 150g,Limpieza,3444,Tomas Ruiz,tomas.ruiz@mail.com,Cordoba,2023-01-15
57,2024-01-10,34,Bruno Castro,bruno.castro2@mail.com,efectivo,31,Mix de Frutos Secos 200g,3,3409,10227,Mix de Frutos Secos 200g,Alimentos,3409,Bruno Castro,bruno.castro2@mail.com,Villa Maria,2023-02-03
57,2024-01-10,34,Bruno Castro,bruno.castro2@mail.com,efectivo,41,Aceite de Girasol 1L,4,860,3440,Aceite de Girasol 1L,Alimentos,860,Bruno Castro,bruno.castro2@mail.com,Villa Maria,2023-02-03
57,2024-01-10,34,Bruno Castro,bruno.castro2@mail.com,efectivo,9,Yerba Mate Suave 1kg,5,3878,19390,Yerba Mate Suave 1kg,Alimentos,3878,Bruno Castro,bruno.castro2@mail.com,Villa Maria,2023-02-03
57,2024-01-10,34,Bruno Castro,bruno.castro2@mail.com,efectivo,76,Pizza Congelada Muzzarella,3,4286,12858,Pizza Congelada Muzzarella,Limpieza,4286,Bruno Castro,bruno.castro2@mail.com,Villa Maria,2023-02-03
57,2024-01-10,34,Bruno Castro,bruno.castro2@mail.com,efectivo,98,Desengrasante 500ml,4,2843,11372,Desengrasante 500ml,Limpieza,2843,Bruno Castro,bruno.castro2@mail.com,Villa Maria,2023-02-03
58,2024-02-04,48,Rocio Alvarez,rocio.alvarez@mail.com,transferencia,43,Salsa de Tomate 500g,2,887,1774,Salsa de Tomate 500g,Alimentos,887,Rocio Alvarez,rocio.alvarez@mail.com,Cordoba,2023-02-17
58,2024-02-04,48,Rocio Alvarez,rocio.alvarez@mail.com,transferencia,11,Café Molido 250g,1,2053,2053,Café Molido 250g,Alimentos,2053,Rocio Alvarez,rocio.alvarez@mail.com,Cordoba,2023-02-17
59,2024-04-28,62,Guadalupe Romero,guadalupe.romero@mail.com,tarjeta,31,Mix de Frutos Secos 200g,1,3409,3409,Mix de Frutos Secos 200g,Alimentos,3409,Guadalupe Romero,guadalupe.romero@mail.com,Carlos Paz,2023-03-03
59,2024-04-28,62,Guadalupe Romero,guadalupe.romero@mail.com,tarjeta,8,Energética Nitro 500ml,2,4218,8436,Energética Nitro 500ml,Limpieza,4218,Guadalupe Romero,guadalupe.romero@mail.com,Carlos Paz,2023-03-03
59,2024-04-28,62,Guadalupe Romero,guadalupe.romero@mail.com,tarjeta,97,Limpiavidrios 500ml,5,872,4360,Limpiavidrios 500ml,Alimentos,872,Guadalupe Romero,guadalupe.romero@mail.com,Carlos Paz,2023-03-03
60,2024-04-04,81,Camila Ruiz,camila.ruiz@mail.com,transferencia,43,Salsa de Tomate 500g,1,887,887,Salsa de Tomate 500g,Alimentos,887,Camila Ruiz,camila.ruiz@mail.com,Carlos Paz,2023-03-22
60,2024-04-04,81,Camila Ruiz,camila.ruiz@mail.com,transferencia,98,Desengrasante 500ml,3,2843,8529,Desengrasante 500ml,Limpieza,2843,Camila Ruiz,camila.ruiz@mail.com,Carlos Paz,2023-03-22
60,2024-04-04,81,Camila Ruiz,camila.ruiz@mail.com,transferencia,15,Leche Descremada 1L,1,2538,2538,Leche Descremada 1L,Alimentos,2538,Camila Ruiz,camila.ruiz@mail.com,Carlos Paz,2023-03-22
60,2024-04-04,81,Camila Ruiz,camila.ruiz@mail.com,transferencia,21,Pan Lactal Integral,2,272,544,Pan Lactal Integral,Alimentos,272,Camila Ruiz,camila.ruiz@mail.com,Carlos Paz,2023-03-22
60,2024-04-04,81,Camila Ruiz,camila.ruiz@mail.com,transferencia,91,Desodorante Aerosol,4,4690,18760,Desodorante Aerosol,Alimentos,4690,Camila Ruiz,camila.ruiz@mail.com,Carlos Paz,2023-03-22
61,2024-06-01,27,Tomas Castro,tomas.castro@mail.com,efectivo,9,Yerba Mate Suave 1kg,3,3878,11634,Yerba Mate Suave 1kg,Alimentos,3878,Tomas Castro,tomas.castro@mail.com,Rio Cuarto,2023-01-27
61,2024-06-01,27,Tomas Castro,tomas.castro@mail.com,efectivo,19,Manteca 200g,3,3251,9753,Manteca 200g,Alimentos,3251,Tomas Castro,tomas.castro@mail.com,Rio Cuarto,2023-01-27
62,2024-05-01,100,Agustina Lopez,agustina.lopez@mail.com,transferencia,47,Garbanzos 500g,4,2939,11756,Garbanzos 500g,Alimentos,2939,Agustina Lopez,agustina.lopez@mail.com,Cordoba,2023-04-10
62,2024-05-01,100,Agustina Lopez,agustina.lopez@mail.com,transferencia,95,Mascarilla Capilar,3,1581,4743,Mascarilla Capilar,Alimentos,1581,Agustina Lopez,agustina.lopez@mail.com,Cordoba,2023-04-10
63,2024-06-19,25,Karina Castro,karina.castro@mail.com,tarjeta,8,Energética Nitro 500ml,5,4218,21090,Energética Nitro 500ml,Limpieza,4218,Karina Castro,karina.castro@mail.com,Rio Cuarto,2023-01-25
63,2024-06-19,25,Karina Castro,karina.castro@mail.com,tarjeta,2,Pepsi 1.5L,2,4973,9946,Pepsi 1.5L,Limpieza,4973,Karina Castro,karina.castro@mail.com,Rio Cuarto,2023-01-25
63,2024-06-19,25,Karina Castro,karina.castro@mail.com,tarjeta,70,Fernet 750ml,3,4061,12183,Fernet 750ml,Limpieza,4061,Karina Castro,karina.castro@mail.com,Rio Cuarto,2023-01-25
63,2024-06-19,25,Karina Castro,karina.castro@mail.com,tarjeta,45,Fideos Spaghetti 500g,4,745,2980,Fideos Spaghetti 500g,Alimentos,745,Karina Castro,karina.castro@mail.com,Rio Cuarto,2023-01-25
64,2024-03-07,58,Karina Acosta,karina.acosta2@mail.com,qr,4,Fanta Naranja 1.5L,2,2033,4066,Fanta Naranja 1.5L,Limpieza,2033,Karina Acosta,karina.acosta2@mail.com,Rio Cuarto,2023-02-27
64,2024-03-07,58,Karina Acosta,karina.acosta2@mail.com,qr,41,Aceite de Girasol 1L,2,860,1720,Aceite de Girasol 1L,Alimentos,860,Karina Acosta,karina.acosta2@mail.com,Rio Cuarto,2023-02-27
65,2024-04-30,30,Ivana Medina,ivana.medina@mail.com,qr,77,Empanadas Congeladas,4,4778,19112,Empanadas Congeladas,Alimentos,4778,Ivana Medina,ivana.medina@mail.com,Alta Gracia,2023-01-30
65,2024-04-30,30,Ivana Medina,ivana.medina@mail.com,qr,22,Medialunas de Manteca,3,2069,6207,Medialunas de Manteca,Limpieza,2069,Ivana Medina,ivana.medina@mail.com,Alta Gracia,2023-01-30
65,2024-04-30,30,Ivana Medina,ivana.medina@mail.com,qr,38,Mermelada de Frutilla 400g,5,1584,7920,Mermelada de Frutilla 400g,Limpieza,1584,Ivana Medina,ivana.medina@mail.com,Alta Gracia,2023-01-30
65,2024-04-30,30,Ivana Medina,ivana.medina@mail.com,qr,36,Dulce de Leche 400g,4,2559,10236,Dulce de Leche 400g,Limpieza,2559,Ivana Medina,ivana.medina@mail.com,Alta Gracia,2023-01-30
66,2024-03-14,69,Felipe Flores,felipe.flores@mail.com,qr,16,Yogur Natural 200g,3,4613,13839,Yogur Natural 200g,Limpieza,4613,Felipe Flores,felipe.flores@mail.com,Rio Cuarto,2023-03-10
67,2024-03-21,66,Tomas Herrera,tomas.herrera@mail.com,efectivo,53,Lavandina 1L,1,1664,1664,Lavandina 1L,Alimentos,1664,Tomas Herrera,tomas.herrera@mail.com,Villa Maria,2023-03-07
67,2024-03-21,66,Tomas Herrera,tomas.herrera@mail.com,efectivo,8,Energética Nitro 500ml,2,4218,8436,Energética Nitro 500ml,Limpieza,4218,Tomas Herrera,tomas.herrera@mail.com,Villa Maria,2023-03-07
68,2024-06-28,27,Tomas Castro,tomas.castro@mail.com,qr,94,Hilo Dental,4,1418,5672,Hilo Dental,Limpieza,1418,Tomas Castro,tomas.castro@mail.com,Rio Cuarto,2023-01-27
69,2024-01-06,42,Tomas Flores,tomas.flores@mail.com,qr,76,Pizza Congelada Muzzarella,4,4286,17144,Pizza Congelada Muzzarella,Limpieza,4286,Tomas Flores,tomas.flores@mail.com,Alta Gracia,2023-02-11
69,2024-01-06,42,Tomas Flores,tomas.flores@mail.com,qr,74,Whisky 750ml,3,2953,8859,Whisky 750ml,Limpieza,2953,Tomas Flores,tomas.flores@mail.com,Alta Gracia,2023-02-11
70,2024-02-02,41,Elena Rodriguez,elena.rodriguez2@mail.com,transferencia,66,Cerveza Negra 1L,3,1533,4599,Cerveza Negra 1L,Limpieza,1533,Elena Rodriguez,elena.rodriguez2@mail.com,Alta Gracia,2023-02-10
70,2024-02-02,41,Elena Rodriguez,elena.rodriguez2@mail.com,transferencia,89,Caldo Concentrado Verdura,4,1003,4012,Caldo Concentrado Verdura,Alimentos,1003,Elena Rodriguez,elena.rodriguez2@mail.com,Alta Gracia,2023-02-10
70,2024-02-02,41,Elena Rodriguez,elena.rodriguez2@mail.com,transferencia,38,Mermelada de Frutilla 400g,3,1584,4752,Mermelada de Frutilla 400g,Limpieza,1584,Elena Rodriguez,elena.rodriguez2@mail.com,Alta Gracia,2023-02-10
71,2024-06-02,40,Felipe Diaz,felipe.diaz@mail.com,qr,11,Café Molido 250g,3,2053,6159,Café Molido 250g,Alimentos,2053,Felipe Diaz,felipe.diaz@mail.com,Rio Cuarto,2023-02-09
71,2024-06-02,40,Felipe Diaz,felipe.diaz@mail.com,qr,79,Hamburguesas Congeladas x4,4,2420,9680,Hamburguesas Congeladas x4,Alimentos,2420,Felipe Diaz,felipe.diaz@mail.com,Rio Cuarto,2023-02-09
71,2024-06-02,40,Felipe Diaz,felipe.diaz@mail.com,qr,100,Trapo de Piso,4,4854,19416,Trapo de Piso,Limpieza,4854,Felipe Diaz,felipe.diaz@mail.com,Rio Cuarto,2023-02-09
71,2024-06-02,40,Felipe Diaz,felipe.diaz@mail.com,qr,92,Crema Dental 90g,1,2512,2512,Crema Dental 90g,Limpieza,2512,Felipe Diaz,felipe.diaz@mail.com,Rio Cuarto,2023-02-09
72,2024-02-17,26,Camila Sanchez,camila.sanchez@mail.com,qr,94,Hilo Dental,3,1418,4254,Hilo Dental,Limpieza,1418,Camila Sanchez,camila.sanchez@mail.com,Alta Gracia,2023-01-26
72,2024-02-17,26,Camila Sanchez,camila.sanchez@mail.com,qr,41,Aceite de Girasol 1L,4,860,3440,Aceite de Girasol 1L,Alimentos,860,Camila Sanchez,camila.sanchez@mail.com,Alta Gracia,2023-01-26
72,2024-02-17,26,Camila Sanchez,camila.sanchez@mail.com,qr,51,Sal Fina 500g,2,1745,3490,Sal Fina 500g,Alimentos,1745,Camila Sanchez,camila.sanchez@mail.com,Alta Gracia,2023-01-26
73,2024-05-16,42,Tomas Flores,tomas.flores@mail.com,transferencia,28,Papas Fritas Clásicas 100g,1,936,936,Papas Fritas Clásicas 100g,Limpieza,936,Tomas Flores,tomas.flores@mail.com,Alta Gracia,2023-02-11
73,2024-05-16,42,Tomas Flores,tomas.flores@mail.com,transferencia,24,Galletitas Chocolate,3,1305,3915,Galletitas Chocolate,Limpieza,1305,Tomas Flores,tomas.flores@mail.com,Alta Gracia,2023-02-11
73,2024-05-16,42,Tomas Flores,tomas.flores@mail.com,transferencia,19,Manteca 200g,1,3251,3251,Manteca 200g,Alimentos,3251,Tomas Flores,tomas.flores@mail.com,Alta Gracia,2023-02-11
74,2024-04-26,56,Bruno Diaz,bruno.diaz@mail.com,efectivo,32,Chocolate Amargo 100g,3,2234,6702,Chocolate Amargo 100g,Limpieza,2234,Bruno Diaz,bruno.diaz@mail.com,Rio Cuarto,2023-02-25
74,2024-04-26,56,Bruno Diaz,bruno.diaz@mail.com,efectivo,14,Leche Entera 1L,2,1723,3446,Leche Entera 1L,Limpieza,1723,Bruno Diaz,bruno.diaz@mail.com,Rio Cuarto,2023-02-25
74,2024-04-26,56,Bruno Diaz,bruno.diaz@mail.com,efectivo,55,Shampoo 400ml,2,1407,2814,Shampoo 400ml,Alimentos,1407,Bruno Diaz,bruno.diaz@mail.com,Rio Cuarto,2023-02-25
75,2024-05-23,61,Guadalupe Martinez,guadalupe.martinez@mail.com,qr,3,Sprite 1.5L,4,4964,19856,Sprite 1.5L,Alimentos,4964,Guadalupe Martinez,guadalupe.martinez@mail.com,Rio Cuarto,2023-03-02
75,2024-05-23,61,Guadalupe Martinez,guadalupe.martinez@mail.com,qr,2,Pepsi 1.5L,5,4973,24865,Pepsi 1.5L,Limpieza,4973,Guadalupe Martinez,guadalupe.martinez@mail.com,Rio Cuarto,2023-03-02
76,2024-05-15,75,Santiago Castro,santiago.castro@mail.com,tarjeta,22,Medialunas de Manteca,4,2069,8276,Medialunas de Manteca,Limpieza,2069,Santiago Castro,santiago.castro@mail.com,Rio Cuarto,2023-03-16
76,2024-05-15,75,Santiago Castro,santiago.castro@mail.com,tarjeta,23,Bizcochos Salados,4,2380,9520,Bizcochos Salados,Alimentos,2380,Santiago Castro,santiago.castro@mail.com,Rio Cuarto,2023-03-16
76,2024-05-15,75,Santiago Castro,santiago.castro@mail.com,tarjeta,24,Galletitas Chocolate,1,1305,1305,Galletitas Chocolate,Limpieza,1305,Santiago Castro,santiago.castro@mail.com,Rio Cuarto,2023-03-16
76,2024-05-15,75,Santiago Castro,santiago.castro@mail.com,tarjeta,11,Café Molido 250g,2,2053,4106,Café Molido 250g,Alimentos,2053,Santiago Castro,santiago.castro@mail.com,Rio Cuarto,2023-03-16
77,2024-05-26,55,Olivia Ruiz,olivia.ruiz@mail.com,tarjeta,53,Lavandina 1L,2,1664,3328,Lavandina 1L,Alimentos,1664,Olivia Ruiz,olivia.ruiz@mail.com,Mendiolaza,2023-02-24
77,2024-05-26,55,Olivia Ruiz,olivia.ruiz@mail.com,tarjeta,41,Aceite de Girasol 1L,1,860,860,Aceite de Girasol 1L,Alimentos,860,Olivia Ruiz,olivia.ruiz@mail.com,Mendiolaza,2023-02-24
77,2024-05-26,55,Olivia Ruiz,olivia.ruiz@mail.com,tarjeta,34,Turrón 50g,5,503,2515,Turrón 50g,Limpieza,503,Olivia Ruiz,olivia.ruiz@mail.com,Mendiolaza,2023-02-24
77,2024-05-26,55,Olivia Ruiz,olivia.ruiz@mail.com,tarjeta,98,Desengrasante 500ml,2,2843,5686,Desengrasante 500ml,Limpieza,2843,Olivia Ruiz,olivia.ruiz@mail.com,Mendiolaza,2023-02-24
77,2024-05-26,55,Olivia Ruiz,olivia.ruiz@mail.com,tarjeta,39,Helado Vainilla 1L,2,469,938,Helado Vainilla 1L,Alimentos,469,Olivia Ruiz,olivia.ruiz@mail.com,Mendiolaza,2023-02-24
78,2024-04-29,12,Gael Gomez,gael.gomez@mail.com,qr,37,Mermelada de Durazno 400g,3,3196,9588,Mermelada de Durazno 400g,Alimentos,3196,Gael Gomez,gael.gomez@mail.com,Alta Gracia,2023-01-12
78,2024-04-29,12,Gael Gomez,gael.gomez@mail.com,qr,79,Hamburguesas Congeladas x4,5,2420,12100,Hamburguesas Congeladas x4,Alimentos,2420,Gael Gomez,gael.gomez@mail.com,Alta Gracia,2023-01-12
78,2024-04-29,12,Gael Gomez,gael.gomez@mail.com,qr,17,Queso Cremoso 500g,2,4834,9668,Queso Cremoso 500g,Alimentos,4834,Gael Gomez,gael.gomez@mail.com,Alta Gracia,2023-01-12
78,2024-04-29,12,Gael Gomez,gael.gomez@mail.com,qr,85,Jugo en Polvo Naranja,1,1856,1856,Jugo en Polvo Naranja,Alimentos,1856,Gael Gomez,gael.gomez@mail.com,Alta Gracia,2023-01-12
78,2024-04-29,12,Gael Gomez,gael.gomez@mail.com,qr,39,Helado Vainilla 1L,2,469,938,Helado Vainilla 1L,Alimentos,469,Gael Gomez,gael.gomez@mail.com,Alta Gracia,2023-01-12
79,2024-06-06,57,Julian Acosta,julian.acosta@mail.com,qr,81,Aceitunas Verdes 200g,2,2520,5040,Aceitunas Verdes 200g,Alimentos,2520,Julian Acosta,julian.acosta@mail.com,Rio Cuarto,2023-02-26
79,2024-06-06,57,Julian Acosta,julian.acosta@mail.com,qr,56,Papel Higiénico x4,2,2532,5064,Papel Higiénico x4,Limpieza,2532,Julian Acosta,julian.acosta@mail.com,Rio Cuarto,2023-02-26
80,2024-03-25,54,Uma Herrera,uma.herrera@mail.com,efectivo,39,Helado Vainilla 1L,5,469,2345,Helado Vainilla 1L,Alimentos,469,Uma Herrera,uma.herrera@mail.com,Alta Gracia,2023-02-23
80,2024-03-25,54,Uma Herrera,uma.herrera@mail.com,efectivo,30,Maní Salado 200g,3,4875,14625,Maní Salado 200g,Limpieza,4875,Uma Herrera,uma.herrera@mail.com,Alta Gracia,2023-02-23
80,2024-03-25,54,Uma Herrera,uma.herrera@mail.com,efectivo,41,Aceite de Girasol 1L,5,860,4300,Aceite de Girasol 1L,Alimentos,860,Uma Herrera,uma.herrera@mail.com,Alta Gracia,2023-02-23
81,2024-03-09,49,Olivia Gomez,olivia.gomez@mail.com,transferencia,10,Yerba Mate Intensa 1kg,2,4883,9766,Yerba Mate Intensa 1kg,Limpieza,4883,Olivia Gomez,olivia.gomez@mail.com,Rio Cuarto,2023-02-18
82,2024-01-25,19,Uma Silva,uma.silva@mail.com,tarjeta,38,Mermelada de Frutilla 400g,1,1584,1584,Mermelada de Frutilla 400g,Limpieza,1584,Uma Silva,uma.silva@mail.com,Mendiolaza,2023-01-19
82,2024-01-25,19,Uma Silva,uma.silva@mail.com,tarjeta,28,Papas Fritas Clásicas 100g,2,936,1872,Papas Fritas Clásicas 100g,Limpieza,936,Uma Silva,uma.silva@mail.com,Mendiolaza,2023-01-19
82,2024-01-25,19,Uma Silva,uma.silva@mail.com,tarjeta,29,Papas Fritas Onduladas 100g,5,1868,9340,Papas Fritas Onduladas 100g,Alimentos,1868,Uma Silva,uma.silva@mail.com,Mendiolaza,2023-01-19
82,2024-01-25,19,Uma Silva,uma.silva@mail.com,tarjeta,82,Aceitunas Negras 200g,2,2394,4788,Aceitunas Negras 200g,Limpieza,2394,Uma Silva,uma.silva@mail.com,Mendiolaza,2023-01-19
83,2024-05-28,91,Uma Sanchez,uma.sanchez@mail.com,efectivo,5,Agua Mineral 500ml,2,4777,9554,Agua Mineral 500ml,Alimentos,4777,Uma Sanchez,uma.sanchez@mail.com,Mendiolaza,2023-04-01
83,2024-05-28,91,Uma Sanchez,uma.sanchez@mail.com,efectivo,26,Alfajor Triple,2,1001,2002,Alfajor Triple,Limpieza,1001,Uma Sanchez,uma.sanchez@mail.com,Mendiolaza,2023-04-01
83,2024-05-28,91,Uma Sanchez,uma.sanchez@mail.com,efectivo,73,Gin 700ml,5,1561,7805,Gin 700ml,Alimentos,1561,Uma Sanchez,uma.sanchez@mail.com,Mendiolaza,2023-04-01
83,2024-05-28,91,Uma Sanchez,uma.sanchez@mail.com,efectivo,51,Sal Fina 500g,2,1745,3490,Sal Fina 500g,Alimentos,1745,Uma Sanchez,uma.sanchez@mail.com,Mendiolaza,2023-04-01
84,2024-01-02,72,Camila Rodriguez,camila.rodriguez@mail.com,efectivo,83,Queso Untable 190g,5,1830,9150,Queso Untable 190g,Alimentos,1830,Camila Rodriguez,camila.rodriguez@mail.com,Cordoba,2023-03-13
84,2024-01-02,72,Camila Rodriguez,camila.rodriguez@mail.com,efectivo,76,Pizza Congelada Muzzarella,4,4286,17144,Pizza Congelada Muzzarella,Limpieza,4286,Camila Rodriguez,camila.rodriguez@mail.com,Cordoba,2023-03-13
85,2024-01-23,42,Tomas Flores,tomas.flores@mail.com,transferencia,32,Chocolate Amargo 100g,4,2234,8936,Chocolate Amargo 100g,Limpieza,2234,Tomas Flores,tomas.flores@mail.com,Alta Gracia,2023-02-11
85,2024-01-23,42,Tomas Flores,tomas.flores@mail.com,transferencia,80,Helado de Frutilla 1L,2,1981,3962,Helado de Frutilla 1L,Limpieza,1981,Tomas Flores,tomas.flores@mail.com,Alta Gracia,2023-02-11
86,2024-01-10,40,Felipe Diaz,felipe.diaz@mail.com,efectivo,66,Cerveza Negra 1L,2,1533,3066,Cerveza Negra 1L,Limpieza,1533,Felipe Diaz,felipe.diaz@mail.com,Rio Cuarto,2023-02-09
86,2024-01-10,40,Felipe Diaz,felipe.diaz@mail.com,efectivo,1,Coca Cola 1.5L,4,2347,9388,Coca Cola 1.5L,Alimentos,2347,Felipe Diaz,felipe.diaz@mail.com,Rio Cuarto,2023-02-09
86,2024-01-10,40,Felipe Diaz,felipe.diaz@mail.com,efectivo,13,Té Verde 20 saquitos,5,2383,11915,Té Verde 20 saquitos,Alimentos,2383,Felipe Diaz,felipe.diaz@mail.com,Rio Cuarto,2023-02-09
86,2024-01-10,40,Felipe Diaz,felipe.diaz@mail.com,efectivo,41,Aceite de Girasol 1L,3,860,2580,Aceite de Girasol 1L,Alimentos,860,Felipe Diaz,felipe.diaz@mail.com,Rio Cuarto,2023-02-09
87,2024-04-20,100,Agustina Lopez,agustina.lopez@mail.com,qr,53,Lavandina 1L,2,1664,3328,Lavandina 1L,Alimentos,1664,Agustina Lopez,agustina.lopez@mail.com,Cordoba,2023-04-10
87,2024-04-20,100,Agustina Lopez,agustina.lopez@mail.com,qr,86,Jugo en Polvo Limón,2,4090,8180,Jugo en Polvo Limón,Limpieza,4090,Agustina Lopez,agustina.lopez@mail.com,Cordoba,2023-04-10
88,2024-06-21,37,Martina Perez,martina.perez@mail.com,efectivo,7,Jugo de Manzana 1L,5,3269,16345,Jugo de Manzana 1L,Alimentos,3269,Martina Perez,martina.perez@mail.com,Mendiolaza,2023-02-06
88,2024-06-21,37,Martina Perez,martina.perez@mail.com,efectivo,53,Lavandina 1L,5,1664,8320,Lavandina 1L,Alimentos,1664,Martina Perez,martina.perez@mail.com,Mendiolaza,2023-02-06
88,2024-06-21,37,Martina Perez,martina.perez@mail.com,efectivo,8,Energética Nitro 500ml,4,4218,16872,Energética Nitro 500ml,Limpieza,4218,Martina Perez,martina.perez@mail.com,Mendiolaza,2023-02-06
89,2024-01-18,17,Pablo Gomez,pablo.gomez@mail.com,tarjeta,72,Ron 700ml,2,3876,7752,Ron 700ml,Limpieza,3876,Pablo Gomez,pablo.gomez@mail.com,Villa Maria,2023-01-17
90,2024-01-08,46,Agustina Martinez,agustina.martinez@mail.com,qr,79,Hamburguesas Congeladas x4,4,2420,9680,Hamburguesas Congeladas x4,Alimentos,2420,Agustina Martinez,agustina.martinez@mail.com,Alta Gracia,2023-02-15
90,2024-01-08,46,Agustina Martinez,agustina.martinez@mail.com,qr,6,Jugo de Naranja 1L,2,4170,8340,Jugo de Naranja 1L,Limpieza,4170,Agustina Martinez,agustina.martinez@mail.com,Alta Gracia,2023-02-15
91,2024-02-19,39,Santiago Diaz,santiago.diaz@mail.com,efectivo,57,Servilletas x100,3,4520,13560,Servilletas x100,Alimentos,4520,Santiago Diaz,santiago.diaz@mail.com,Alta Gracia,2023-02-08
92,2024-02-09,42,Tomas Flores,tomas.flores@mail.com,transferencia,10,Yerba Mate Intensa 1kg,2,4883,9766,Yerba Mate Intensa 1kg,Limpieza,4883,Tomas Flores,tomas.flores@mail.com,Alta Gracia,2023-02-11
92,2024-02-09,42,Tomas Flores,tomas.flores@mail.com,transferencia,43,Salsa de Tomate 500g,4,887,3548,Salsa de Tomate 500g,Alimentos,887,Tomas Flores,tomas.flores@mail.com,Alta Gracia,2023-02-11
93,2024-01-29,90,Guadalupe Ruiz,guadalupe.ruiz@mail.com,efectivo,80,Helado de Frutilla 1L,4,1981,7924,Helado de Frutilla 1L,Limpieza,1981,Guadalupe Ruiz,guadalupe.ruiz@mail.com,Rio Cuarto,2023-03-31
93,2024-01-29,90,Guadalupe Ruiz,guadalupe.ruiz@mail.com,efectivo,66,Cerveza Negra 1L,3,1533,4599,Cerveza Negra 1L,Limpieza,1533,Guadalupe Ruiz,guadalupe.ruiz@mail.com,Rio Cuarto,2023-03-31
93,2024-01-29,90,Guadalupe Ruiz,guadalupe.ruiz@mail.com,efectivo,91,Desodorante Aerosol,3,4690,14070,Desodorante Aerosol,Alimentos,4690,Guadalupe Ruiz,guadalupe.ruiz@mail.com,Rio Cuarto,2023-03-31
94,2024-03-06,41,Elena Rodriguez,elena.rodriguez2@mail.com,qr,24,Galletitas Chocolate,1,1305,1305,Galletitas Chocolate,Limpieza,1305,Elena Rodriguez,elena.rodriguez2@mail.com,Alta Gracia,2023-02-10
94,2024-03-06,41,Elena Rodriguez,elena.rodriguez2@mail.com,qr,86,Jugo en Polvo Limón,5,4090,20450,Jugo en Polvo Limón,Limpieza,4090,Elena Rodriguez,elena.rodriguez2@mail.com,Alta Gracia,2023-02-10
94,2024-03-06,41,Elena Rodriguez,elena.rodriguez2@mail.com,qr,98,Desengrasante 500ml,2,2843,5686,Desengrasante 500ml,Limpieza,2843,Elena Rodriguez,elena.rodriguez2@mail.com,Alta Gracia,2023-02-10
95,2024-02-25,26,Camila Sanchez,camila.sanchez@mail.com,qr,72,Ron 700ml,5,3876,19380,Ron 700ml,Limpieza,3876,Camila Sanchez,camila.sanchez@mail.com,Alta Gracia,2023-01-26
95,2024-02-25,26,Camila Sanchez,camila.sanchez@mail.com,qr,12,Té Negro 20 saquitos,1,570,570,Té Negro 20 saquitos,Limpieza,570,Camila Sanchez,camila.sanchez@mail.com,Alta Gracia,2023-01-26
96,2024-02-23,83,Franco Gomez,franco.gomez@mail.com,tarjeta,81,Aceitunas Verdes 200g,3,2520,7560,Aceitunas Verdes 200g,Alimentos,2520,Franco Gomez,franco.gomez@mail.com,Rio Cuarto,2023-03-24
96,2024-02-23,83,Franco Gomez,franco.gomez@mail.com,tarjeta,68,Vino Blanco 750ml,1,2684,2684,Vino Blanco 750ml,Limpieza,2684,Franco Gomez,franco.gomez@mail.com,Rio Cuarto,2023-03-24
96,2024-02-23,83,Franco Gomez,franco.gomez@mail.com,tarjeta,11,Café Molido 250g,2,2053,4106,Café Molido 250g,Alimentos,2053,Franco Gomez,franco.gomez@mail.com,Rio Cuarto,2023-03-24
96,2024-02-23,83,Franco Gomez,franco.gomez@mail.com,tarjeta,50,Azúcar 1kg,3,727,2181,Azúcar 1kg,Limpieza,727,Franco Gomez,franco.gomez@mail.com,Rio Cuarto,2023-03-24
97,2024-06-16,39,Santiago Diaz,santiago.diaz@mail.com,efectivo,59,Chicle Menta,5,3612,18060,Chicle Menta,Alimentos,3612,Santiago Diaz,santiago.diaz@mail.com,Alta Gracia,2023-02-08
97,2024-06-16,39,Santiago Diaz,santiago.diaz@mail.com,efectivo,36,Dulce de Leche 400g,1,2559,2559,Dulce de Leche 400g,Limpieza,2559,Santiago Diaz,santiago.diaz@mail.com,Alta Gracia,2023-02-08
97,2024-06-16,39,Santiago Diaz,santiago.diaz@mail.com,efectivo,4,Fanta Naranja 1.5L,3,2033,6099,Fanta Naranja 1.5L,Limpieza,2033,Santiago Diaz,santiago.diaz@mail.com,Alta Gracia,2023-02-08
98,2024-01-12,43,Lucas Perez,lucas.perez@mail.com,transferencia,28,Papas Fritas Clásicas 100g,4,936,3744,Papas Fritas Clásicas 100g,Limpieza,936,Lucas Perez,lucas.perez@mail.com,Mendiolaza,2023-02-12
98,2024-01-12,43,Lucas Perez,lucas.perez@mail.com,transferencia,61,Miel Pura 250g,1,4982,4982,Miel Pura 250g,Alimentos,4982,Lucas Perez,lucas.perez@mail.com,Mendiolaza,2023-02-12
98,2024-01-12,43,Lucas Perez,lucas.perez@mail.com,transferencia,29,Papas Fritas Onduladas 100g,1,1868,1868,Papas Fritas Onduladas 100g,Alimentos,1868,Lucas Perez,lucas.perez@mail.com,Mendiolaza,2023-02-12
98,2024-01-12,43,Lucas Perez,lucas.perez@mail.com,transferencia,83,Queso Untable 190g,3,1830,5490,Queso Untable 190g,Alimentos,1830,Lucas Perez,lucas.perez@mail.com,Mendiolaza,2023-02-12
99,2024-03-13,51,Agustina Gomez,agustina.gomez@mail.com,transferencia,40,Helado Chocolate 1L,5,1215,6075,Helado Chocolate 1L,Limpieza,1215,Agustina Gomez,agustina.gomez@mail.com,Rio Cuarto,2023-02-20
100,2024-06-08,69,Felipe Flores,felipe.flores@mail.com,qr,13,Té Verde 20 saquitos,3,2383,7149,Té Verde 20 saquitos,Alimentos,2383,Felipe Flores,felipe.flores@mail.com,Rio Cuarto,2023-03-10
100,2024-06-08,69,Felipe Flores,felipe.flores@mail.com,qr,18,Queso Rallado 150g,4,3444,13776,Queso Rallado 150g,Limpieza,3444,Felipe Flores,felipe.flores@mail.com,Rio Cuarto,2023-03-10
100,2024-06-08,69,Felipe Flores,felipe.flores@mail.com,qr,58,Caramelos Masticables,2,4752,9504,Caramelos Masticables,Limpieza,4752,Felipe Flores,felipe.flores@mail.com,Rio Cuarto,2023-03-10
100,2024-06-08,69,Felipe Flores,felipe.flores@mail.com,qr,57,Servilletas x100,1,4520,4520,Servilletas x100,Alimentos,4520,Felipe Flores,felipe.flores@mail.com,Rio Cuarto,2023-03-10
100,2024-06-08,69,Felipe Flores,felipe.flores@mail.com,qr,9,Yerba Mate Suave 1kg,4,3878,15512,Yerba Mate Suave 1kg,Alimentos,3878,Felipe Flores,felipe.flores@mail.com,Rio Cuarto,2023-03-10
101,2024-03-28,72,Camila Rodriguez,camila.rodriguez@mail.com,efectivo,34,Turrón 50g,4,503,2012,Turrón 50g,Limpieza,503,Camila Rodriguez,camila.rodriguez@mail.com,Cordoba,2023-03-13
102,2024-03-29,18,Ivana Torres,ivana.torres@mail.com,efectivo,78,Verduras Congeladas Mix,3,4289,12867,Verduras Congeladas Mix,Limpieza,4289,Ivana Torres,ivana.torres@mail.com,Carlos Paz,2023-01-18
102,2024-03-29,18,Ivana Torres,ivana.torres@mail.com,efectivo,36,Dulce de Leche 400g,3,2559,7677,Dulce de Leche 400g,Limpieza,2559,Ivana Torres,ivana.torres@mail.com,Carlos Paz,2023-01-18
103,2024-03-11,39,Santiago Diaz,santiago.diaz@mail.com,efectivo,79,Hamburguesas Congeladas x4,5,2420,12100,Hamburguesas Congeladas x4,Alimentos,2420,Santiago Diaz,santiago.diaz@mail.com,Alta Gracia,2023-02-08
103,2024-03-11,39,Santiago Diaz,santiago.diaz@mail.com,efectivo,43,Salsa de Tomate 500g,5,887,4435,Salsa de Tomate 500g,Alimentos,887,Santiago Diaz,santiago.diaz@mail.com,Alta Gracia,2023-02-08
103,2024-03-11,39,Santiago Diaz,santiago.diaz@mail.com,efectivo,34,Turrón 50g,1,503,503,Turrón 50g,Limpieza,503,Santiago Diaz,santiago.diaz@mail.com,Alta Gracia,2023-02-08
103,2024-03-11,39,Santiago Diaz,santiago.diaz@mail.com,efectivo,70,Fernet 750ml,1,4061,4061,Fernet 750ml,Limpieza,4061,Santiago Diaz,santiago.diaz@mail.com,Alta Gracia,2023-02-08
104,2024-06-17,86,Diego Torres,diego.torres@mail.com,qr,95,Mascarilla Capilar,2,1581,3162,Mascarilla Capilar,Alimentos,1581,Diego Torres,diego.torres@mail.com,Cordoba,2023-03-27
104,2024-06-17,86,Diego Torres,diego.torres@mail.com,qr,68,Vino Blanco 750ml,3,2684,8052,Vino Blanco 750ml,Limpieza,2684,Diego Torres,diego.torres@mail.com,Cordoba,2023-03-27
104,2024-06-17,86,Diego Torres,diego.torres@mail.com,qr,68,Vino Blanco 750ml,5,2684,13420,Vino Blanco 750ml,Limpieza,2684,Diego Torres,diego.torres@mail.com,Cordoba,2023-03-27
105,2024-02-06,1,Mariana Lopez,mariana.lopez@mail.com,transferencia,13,Té Verde 20 saquitos,2,2383,4766,Té Verde 20 saquitos,Alimentos,2383,Mariana Lopez,mariana.lopez@mail.com,Carlos Paz,2023-01-01
105,2024-02-06,1,Mariana Lopez,mariana.lopez@mail.com,transferencia,4,Fanta Naranja 1.5L,4,2033,8132,Fanta Naranja 1.5L,Limpieza,2033,Mariana Lopez,mariana.lopez@mail.com,Carlos Paz,2023-01-01
105,2024-02-06,1,Mariana Lopez,mariana.lopez@mail.com,transferencia,58,Caramelos Masticables,2,4752,9504,Caramelos Masticables,Limpieza,4752,Mariana Lopez,mariana.lopez@mail.com,Carlos Paz,2023-01-01
105,2024-02-06,1,Mariana Lopez,mariana.lopez@mail.com,transferencia,82,Aceitunas Negras 200g,4,2394,9576,Aceitunas Negras 200g,Limpieza,2394,Mariana Lopez,mariana.lopez@mail.com,Carlos Paz,2023-01-01
105,2024-02-06,1,Mariana Lopez,mariana.lopez@mail.com,transferencia,43,Salsa de Tomate 500g,5,887,4435,Salsa de Tomate 500g,Alimentos,887,Mariana Lopez,mariana.lopez@mail.com,Carlos Paz,2023-01-01
106,2024-03-24,82,Lucas Lopez,lucas.lopez@mail.com,transferencia,88,Caldo Concentrado Carne,3,2570,7710,Caldo Concentrado Carne,Limpieza,2570,Lucas Lopez,lucas.lopez@mail.com,Alta Gracia,2023-03-23
107,2024-05-21,14,Gael Martinez,gael.martinez@mail.com,efectivo,7,Jugo de Manzana 1L,4,3269,13076,Jugo de Manzana 1L,Alimentos,3269,Gael Martinez,gael.martinez@mail.com,Carlos Paz,2023-01-14
107,2024-05-21,14,Gael Martinez,gael.martinez@mail.com,efectivo,11,Café Molido 250g,2,2053,4106,Café Molido 250g,Alimentos,2053,Gael Martinez,gael.martinez@mail.com,Carlos Paz,2023-01-14
107,2024-05-21,14,Gael Martinez,gael.martinez@mail.com,efectivo,12,Té Negro 20 saquitos,4,570,2280,Té Negro 20 saquitos,Limpieza,570,Gael Martinez,gael.martinez@mail.com,Carlos Paz,2023-01-14
107,2024-05-21,14,Gael Martinez,gael.martinez@mail.com,efectivo,5,Agua Mineral 500ml,4,4777,19108,Agua Mineral 500ml,Alimentos,4777,Gael Martinez,gael.martinez@mail.com,Carlos Paz,2023-01-14
108,2024-03-25,9,Yamila Molina,yamila.molina@mail.com,tarjeta,90,Toallas Húmedas x50,4,2902,11608,Toallas Húmedas x50,Limpieza,2902,Yamila Molina,yamila.molina@mail.com,Carlos Paz,2023-01-09
109,2024-06-04,64,Julian Alvarez,julian.alvarez@mail.com,transferencia,18,Queso Rallado 150g,1,3444,3444,Queso Rallado 150g,Limpieza,3444,Julian Alvarez,julian.alvarez@mail.com,Villa Maria,2023-03-05
109,2024-06-04,64,Julian Alvarez,julian.alvarez@mail.com,transferencia,74,Whisky 750ml,1,2953,2953,Whisky 750ml,Limpieza,2953,Julian Alvarez,julian.alvarez@mail.com,Villa Maria,2023-03-05
109,2024-06-04,64,Julian Alvarez,julian.alvarez@mail.com,transferencia,20,Pan Lactal Blanco,2,1571,3142,Pan Lactal Blanco,Limpieza,1571,Julian Alvarez,julian.alvarez@mail.com,Villa Maria,2023-03-05
109,2024-06-04,64,Julian Alvarez,julian.alvarez@mail.com,transferencia,44,Arroz Largo Fino 1kg,5,2979,14895,Arroz Largo Fino 1kg,Limpieza,2979,Julian Alvarez,julian.alvarez@mail.com,Villa Maria,2023-03-05
110,2024-05-19,92,Mariana Rodriguez,mariana.rodriguez@mail.com,efectivo,6,Jugo de Naranja 1L,1,4170,4170,Jugo de Naranja 1L,Limpieza,4170,Mariana Rodriguez,mariana.rodriguez@mail.com,Alta Gracia,2023-04-02
110,2024-05-19,92,Mariana Rodriguez,mariana.rodriguez@mail.com,efectivo,59,Chicle Menta,3,3612,10836,Chicle Menta,Alimentos,3612,Mariana Rodriguez,mariana.rodriguez@mail.com,Alta Gracia,2023-04-02
110,2024-05-19,92,Mariana Rodriguez,mariana.rodriguez@mail.com,efectivo,6,Jugo de Naranja 1L,5,4170,20850,Jugo de Naranja 1L,Limpieza,4170,Mariana Rodriguez,mariana.rodriguez@mail.com,Alta Gracia,2023-04-02
111,2024-02-12,48,Rocio Alvarez,rocio.alvarez@mail.com,efectivo,97,Limpiavidrios 500ml,4,872,3488,Limpiavidrios 500ml,Alimentos,872,Rocio Alvarez,rocio.alvarez@mail.com,Cordoba,2023-02-17
111,2024-02-12,48,Rocio Alvarez,rocio.alvarez@mail.com,efectivo,93,Cepillo de Dientes,3,2142,6426,Cepillo de Dientes,Alimentos,2142,Rocio Alvarez,rocio.alvarez@mail.com,Cordoba,2023-02-17
111,2024-02-12,48,Rocio Alvarez,rocio.alvarez@mail.com,efectivo,20,Pan Lactal Blanco,2,1571,3142,Pan Lactal Blanco,Limpieza,1571,Rocio Alvarez,rocio.alvarez@mail.com,Cordoba,2023-02-17
111,2024-02-12,48,Rocio Alvarez,rocio.alvarez@mail.com,efectivo,23,Bizcochos Salados,4,2380,9520,Bizcochos Salados,Alimentos,2380,Rocio Alvarez,rocio.alvarez@mail.com,Cordoba,2023-02-17
112,2024-01-19,28,Rocio Silva,rocio.silva@mail.com,tarjeta,55,Shampoo 400ml,1,1407,1407,Shampoo 400ml,Alimentos,1407,Rocio Silva,rocio.silva@mail.com,Cordoba,2023-01-28
112,2024-01-19,28,Rocio Silva,rocio.silva@mail.com,tarjeta,21,Pan Lactal Integral,4,272,1088,Pan Lactal Integral,Alimentos,272,Rocio Silva,rocio.silva@mail.com,Cordoba,2023-01-28
112,2024-01-19,28,Rocio Silva,rocio.silva@mail.com,tarjeta,43,Salsa de Tomate 500g,5,887,4435,Salsa de Tomate 500g,Alimentos,887,Rocio Silva,rocio.silva@mail.com,Cordoba,2023-01-28
112,2024-01-19,28,Rocio Silva,rocio.silva@mail.com,tarjeta,13,Té Verde 20 saquitos,2,2383,4766,Té Verde 20 saquitos,Alimentos,2383,Rocio Silva,rocio.silva@mail.com,Cordoba,2023-01-28
112,2024-01-19,28,Rocio Silva,rocio.silva@mail.com,tarjeta,59,Chicle Menta,1,3612,3612,Chicle Menta,Alimentos,3612,Rocio Silva,rocio.silva@mail.com,Cordoba,2023-01-28
113,2024-03-08,98,Camila Castro,camila.castro@mail.com,transferencia,53,Lavandina 1L,2,1664,3328,Lavandina 1L,Alimentos,1664,Camila Castro,camila.castro@mail.com,Cordoba,2023-04-08
113,2024-03-08,98,Camila Castro,camila.castro@mail.com,transferencia,92,Crema Dental 90g,3,2512,7536,Crema Dental 90g,Limpieza,2512,Camila Castro,camila.castro@mail.com,Cordoba,2023-04-08
114,2024-05-05,16,Felipe Alvarez,felipe.alvarez@mail.com,qr,8,Energética Nitro 500ml,1,4218,4218,Energética Nitro 500ml,Limpieza,4218,Felipe Alvarez,felipe.alvarez@mail.com,Rio Cuarto,2023-01-16
114,2024-05-05,16,Felipe Alvarez,felipe.alvarez@mail.com,qr,84,Queso Azul 150g,1,1645,1645,Queso Azul 150g,Limpieza,1645,Felipe Alvarez,felipe.alvarez@mail.com,Rio Cuarto,2023-01-16
114,2024-05-05,16,Felipe Alvarez,felipe.alvarez@mail.com,qr,10,Yerba Mate Intensa 1kg,1,4883,4883,Yerba Mate Intensa 1kg,Limpieza,4883,Felipe Alvarez,felipe.alvarez@mail.com,Rio Cuarto,2023-01-16
114,2024-05-05,16,Felipe Alvarez,felipe.alvarez@mail.com,qr,55,Shampoo 400ml,5,1407,7035,Shampoo 400ml,Alimentos,1407,Felipe Alvarez,felipe.alvarez@mail.com,Rio Cuarto,2023-01-16
114,2024-05-05,16,Felipe Alvarez,felipe.alvarez@mail.com,qr,92,Crema Dental 90g,4,2512,10048,Crema Dental 90g,Limpieza,2512,Felipe Alvarez,felipe.alvarez@mail.com,Rio Cuarto,2023-01-16
115,2024-02-16,3,Hernan Martinez,hernan.martinez@mail.com,transferencia,17,Queso Cremoso 500g,4,4834,19336,Queso Cremoso 500g,Alimentos,4834,Hernan Martinez,hernan.martinez@mail.com,Rio Cuarto,2023-01-03
115,2024-02-16,3,Hernan Martinez,hernan.martinez@mail.com,transferencia,97,Limpiavidrios 500ml,5,872,4360,Limpiavidrios 500ml,Alimentos,872,Hernan Martinez,hernan.martinez@mail.com,Rio Cuarto,2023-01-03
115,2024-02-16,3,Hernan Martinez,hernan.martinez@mail.com,transferencia,95,Mascarilla Capilar,4,1581,6324,Mascarilla Capilar,Alimentos,1581,Hernan Martinez,hernan.martinez@mail.com,Rio Cuarto,2023-01-03
115,2024-02-16,3,Hernan Martinez,hernan.martinez@mail.com,transferencia,84,Queso Azul 150g,2,1645,3290,Queso Azul 150g,Limpieza,1645,Hernan Martinez,hernan.martinez@mail.com,Rio Cuarto,2023-01-03
116,2024-03-18,25,Karina Castro,karina.castro@mail.com,qr,65,Cerveza Rubia 1L,1,2423,2423,Cerveza Rubia 1L,Alimentos,2423,Karina Castro,karina.castro@mail.com,Rio Cuarto,2023-01-25
116,2024-03-18,25,Karina Castro,karina.castro@mail.com,qr,35,Barrita de Cereal 30g,2,4430,8860,Barrita de Cereal 30g,Alimentos,4430,Karina Castro,karina.castro@mail.com,Rio Cuarto,2023-01-25
116,2024-03-18,25,Karina Castro,karina.castro@mail.com,qr,42,Vinagre de Alcohol 500ml,4,1195,4780,Vinagre de Alcohol 500ml,Limpieza,1195,Karina Castro,karina.castro@mail.com,Rio Cuarto,2023-01-25
116,2024-03-18,25,Karina Castro,karina.castro@mail.com,qr,54,Jabón de Tocador,5,1592,7960,Jabón de Tocador,Limpieza,1592,Karina Castro,karina.castro@mail.com,Rio Cuarto,2023-01-25
116,2024-03-18,25,Karina Castro,karina.castro@mail.com,qr,90,Toallas Húmedas x50,4,2902,11608,Toallas Húmedas x50,Limpieza,2902,Karina Castro,karina.castro@mail.com,Rio Cuarto,2023-01-25
117,2024-03-14,72,Camila Rodriguez,camila.rodriguez@mail.com,tarjeta,67,Vino Tinto Malbec 750ml,4,4719,18876,Vino Tinto Malbec 750ml,Alimentos,4719,Camila Rodriguez,camila.rodriguez@mail.com,Cordoba,2023-03-13
117,2024-03-14,72,Camila Rodriguez,camila.rodriguez@mail.com,tarjeta,61,Miel Pura 250g,2,4982,9964,Miel Pura 250g,Alimentos,4982,Camila Rodriguez,camila.rodriguez@mail.com,Cordoba,2023-03-13
118,2024-02-09,84,Pablo Sanchez,pablo.sanchez@mail.com,efectivo,68,Vino Blanco 750ml,5,2684,13420,Vino Blanco 750ml,Limpieza,2684,Pablo Sanchez,pablo.sanchez@mail.com,Cordoba,2023-03-25
118,2024-02-09,84,Pablo Sanchez,pablo.sanchez@mail.com,efectivo,68,Vino Blanco 750ml,3,2684,8052,Vino Blanco 750ml,Limpieza,2684,Pablo Sanchez,pablo.sanchez@mail.com,Cordoba,2023-03-25
118,2024-02-09,84,Pablo Sanchez,pablo.sanchez@mail.com,efectivo,70,Fernet 750ml,2,4061,8122,Fernet 750ml,Limpieza,4061,Pablo Sanchez,pablo.sanchez@mail.com,Cordoba,2023-03-25
118,2024-02-09,84,Pablo Sanchez,pablo.sanchez@mail.com,efectivo,93,Cepillo de Dientes,3,2142,6426,Cepillo de Dientes,Alimentos,2142,Pablo Sanchez,pablo.sanchez@mail.com,Cordoba,2023-03-25
118,2024-02-09,84,Pablo Sanchez,pablo.sanchez@mail.com,efectivo,50,Azúcar 1kg,2,727,1454,Azúcar 1kg,Limpieza,727,Pablo Sanchez,pablo.sanchez@mail.com,Cordoba,2023-03-25
119,2024-02-07,51,Agustina Gomez,agustina.gomez@mail.com,qr,45,Fideos Spaghetti 500g,5,745,3725,Fideos Spaghetti 500g,Alimentos,745,Agustina Gomez,agustina.gomez@mail.com,Rio Cuarto,2023-02-20
120,2024-04-21,72,Camila Rodriguez,camila.rodriguez@mail.com,tarjeta,20,Pan Lactal Blanco,5,1571,7855,Pan Lactal Blanco,Limpieza,1571,Camila Rodriguez,camila.rodriguez@mail.com,Cordoba,2023-03-13
